paper_id,title,assignment_scope,module_code,module_kind,sort_order,active_confirmed_core
ASD-0001,"Toward Greater Autonomy in Materials Discovery Agents: Unifying Planning, Physics, and Scientists",final_modules_or_bucket,04,formal_module,1,1
ASD-0002,HealthFlow: A Self-Evolving AI Agent with Meta Planning for Autonomous Healthcare Research,final_modules_or_bucket,07,formal_module,1,1
ASD-0003,CheMatAgent: Enhancing LLMs for Chemistry and Materials Science through Tree-Search Based Tool Learning,final_modules_or_bucket,03,formal_module,1,1
ASD-0003,CheMatAgent: Enhancing LLMs for Chemistry and Materials Science through Tree-Search Based Tool Learning,final_modules_or_bucket,04,formal_module,2,1
ASD-0004,InternAgent: When Agent Becomes the Scientist -- Building Closed-Loop System from Hypothesis to Verification,final_modules_or_bucket,01,formal_module,1,1
ASD-0004,InternAgent: When Agent Becomes the Scientist -- Building Closed-Loop System from Hypothesis to Verification,final_modules_or_bucket,03,formal_module,2,1
ASD-0004,InternAgent: When Agent Becomes the Scientist -- Building Closed-Loop System from Hypothesis to Verification,final_modules_or_bucket,06,formal_module,3,1
ASD-0004,InternAgent: When Agent Becomes the Scientist -- Building Closed-Loop System from Hypothesis to Verification,final_modules_or_bucket,09,formal_module,4,1
ASD-0004,InternAgent: When Agent Becomes the Scientist -- Building Closed-Loop System from Hypothesis to Verification,final_modules_or_bucket,10,formal_module,5,1
ASD-0005,A Multiagent-Driven Robotic AI Chemist Enabling Autonomous Chemical Research On Demand,final_modules_or_bucket,03,formal_module,1,1
ASD-0005,A Multiagent-Driven Robotic AI Chemist Enabling Autonomous Chemical Research On Demand,final_modules_or_bucket,04,formal_module,2,1
ASD-0006,DORA AI Scientist: Multi-agent Virtual Research Team for Scientific Exploration Discovery and Automated Report Generation,final_modules_or_bucket,01.04,general_bucket,1,1
ASD-0007,Hypothesis Generation for Materials Discovery and Design Using Goal-Driven and Constraint-Guided LLM Agents,final_modules_or_bucket,04,formal_module,1,1
ASD-0008,Accelerating Drug Discovery Through Agentic AI: A Multi-Agent Approach to Laboratory Automation in the DMTA Cycle,final_modules_or_bucket,07,formal_module,1,1
ASD-0008,Accelerating Drug Discovery Through Agentic AI: A Multi-Agent Approach to Laboratory Automation in the DMTA Cycle,final_modules_or_bucket,03,formal_module,2,1
ASD-0009,Agent-based learning of materials datasets from the scientific literature,final_modules_or_bucket,04,formal_module,1,1
ASD-0010,El Agente: An Autonomous Agent for Quantum Chemistry,final_modules_or_bucket,03,formal_module,1,1
ASD-0012,Large language models for chemistry robotics,final_modules_or_bucket,03,formal_module,1,1
ASD-0013,The ai scientist-v2: Workshop-level automated scientific discovery via agentic tree search,final_modules_or_bucket,01,formal_module,1,1
ASD-0014,Spatialagent: An autonomous ai agent for spatial biology,final_modules_or_bucket,06,formal_module,1,1
ASD-0016,An autonomous laboratory for the accelerated synthesis of novel materials,final_modules_or_bucket,04,formal_module,1,1
ASD-0017,Can ai agents design and implement drug discovery pipelines?,final_modules_or_bucket,07,formal_module,1,1
ASD-0018,Agent laboratory: Using llm agents as research assistants,final_modules_or_bucket,01,formal_module,1,1
ASD-0019,Agentrxiv: Towards collaborative autonomous research,final_modules_or_bucket,01,formal_module,1,1
ASD-0020,Biodiscoveryagent: An ai agent for designing genetic perturbation experiments,final_modules_or_bucket,06,formal_module,1,1
ASD-0022,Chemgraph: An agentic framework for computational chemistry workflows,final_modules_or_bucket,03,formal_module,1,1
ASD-0024,Large language model agent for modular task execution in drug discovery,final_modules_or_bucket,07,formal_module,1,1
ASD-0024,Large language model agent for modular task execution in drug discovery,final_modules_or_bucket,03,formal_module,2,1
ASD-0025,Cactus: Chemistry agent connecting tool usage to science,final_modules_or_bucket,03,formal_module,1,1
ASD-0026,Autonomous microscopy experiments through large language model agents,final_modules_or_bucket,04,formal_module,1,0
ASD-0026,Autonomous microscopy experiments through large language model agents,final_modules_or_bucket,09,formal_module,2,0
ASD-0028,Drugagent: Automating ai-aided drug discovery programming through llm multi-agent collaboration,final_modules_or_bucket,07,formal_module,1,1
ASD-0029,Chemhas: Hierarchical agent stacking for enhancing chemistry tools,final_modules_or_bucket,03,formal_module,1,1
ASD-0030,Rag-enhanced collaborative llm agents for drug discovery,final_modules_or_bucket,03,formal_module,1,1
ASD-0030,Rag-enhanced collaborative llm agents for drug discovery,final_modules_or_bucket,07,formal_module,2,1
ASD-0031,Llmatdesign: Autonomous materials discovery with large language models,final_modules_or_bucket,04,formal_module,1,1
ASD-0032,Codescientist: End-to-end semi-automated scientific discovery with code-based experimentation,final_modules_or_bucket,01,formal_module,1,1
ASD-0033,Omnicellagent: Towards ai co-scientists for scientific discovery in precision medicine,final_modules_or_bucket,06,formal_module,1,1
ASD-0034,Perturboagent: A self-planning agent for boosting sequential perturb-seq experiments,final_modules_or_bucket,06,formal_module,1,1
ASD-0035,Sciagents: automating scientific discovery through bioinspired multi-agent intelligent graph reasoning,final_modules_or_bucket,04,formal_module,1,1
ASD-0036,Organa: A robotic assistant for automated chemistry experimentation and characterization,final_modules_or_bucket,03,formal_module,1,1
ASD-0037,Autonomous mobile robots for exploratory synthetic chemistry,final_modules_or_bucket,03,formal_module,1,1
ASD-0038,An autonomous large language model agent for chemical literature data mining,final_modules_or_bucket,03,formal_module,1,1
ASD-0040,"Researchagent: Iterative research idea generation over scientific literature with large language models, 2025",final_modules_or_bucket,01.04,general_bucket,1,1
ASD-0041,Liddia: Language-based intelligent drug discovery agent,final_modules_or_bucket,07,formal_module,1,1
ASD-0044,Bridging literature and the universe via a multi-agent large language model system,final_modules_or_bucket,02,formal_module,1,1
ASD-0045,Honeycomb: A flexible llm-based agent system for materials science,final_modules_or_bucket,04,formal_module,1,1
ASD-0046,Topomas: Large language model driven topological materials multiagent system,final_modules_or_bucket,04,formal_module,1,1
ASD-0047,Foam-agent: Towards automated intelligent cfd workflows,final_modules_or_bucket,09,formal_module,1,1
ASD-0048,"Dolphin: Closed-loop open-ended auto-research through thinking, practice, and feedback",final_modules_or_bucket,01,formal_module,1,1
ASD-0049,Bioinformatics agent (bia): Unleashing the power of large language models to reshape bioinformatics workflow,final_modules_or_bucket,06,formal_module,1,1
ASD-0051,Geneagent: Self-verification language agent for gene set knowledge discovery using domain databases,final_modules_or_bucket,06,formal_module,1,1
ASD-0052,Optimizing collaboration of large language model based agents for autonomous finite element analysis,final_modules_or_bucket,09,formal_module,1,1
ASD-0053,Towards autonomous hypothesis verification via language models with minimal guidance,final_modules_or_bucket,01.04,general_bucket,1,1
ASD-0054,The virtual lab: Ai agents design new sars-cov-2 nanobodies with experimental validation,final_modules_or_bucket,07,formal_module,1,1
ASD-0054,The virtual lab: Ai agents design new sars-cov-2 nanobodies with experimental validation,final_modules_or_bucket,06,formal_module,2,1
ASD-0055,Biomaster: Multi-agent system for automated bioinformatics analysis workflow,final_modules_or_bucket,06,formal_module,1,1
ASD-0056,"Delocalized, asynchronous, closed-loop discovery of organic laser emitters",final_modules_or_bucket,03,formal_module,1,1
ASD-0056,"Delocalized, asynchronous, closed-loop discovery of organic laser emitters",final_modules_or_bucket,04,formal_module,2,1
ASD-0057,"Autochemschematic ai: A closed-loop, physics-aware agentic framework for auto-generating chemical process and instrumentation diagrams",final_modules_or_bucket,09,formal_module,1,1
ASD-0058,Astroagents: A multi-agent ai for hypothesis generation from mass spectrometry data,final_modules_or_bucket,02,formal_module,1,1
ASD-0059,"Iterative hypothesis generation for scientific discovery with monte carlo nash equilibrium self-refining trees, 2025",final_modules_or_bucket,01.04,general_bucket,1,1
ASD-0060,Piflow: Principle-aware scientific discovery with multi-agent collaboration,final_modules_or_bucket,03,formal_module,1,1
ASD-0060,Piflow: Principle-aware scientific discovery with multi-agent collaboration,final_modules_or_bucket,04,formal_module,2,1
ASD-0060,Piflow: Principle-aware scientific discovery with multi-agent collaboration,final_modules_or_bucket,07,formal_module,3,1
ASD-0061,xchemagents: Agentic ai for explainable quantum chemistry,final_modules_or_bucket,03,formal_module,1,1
ASD-0062,Empowering scientific workflows with federated agents,final_modules_or_bucket,01,formal_module,1,1
ASD-0062,Empowering scientific workflows with federated agents,final_modules_or_bucket,02,formal_module,2,1
ASD-0062,Empowering scientific workflows with federated agents,final_modules_or_bucket,04,formal_module,3,1
ASD-0063,Alphaevolve: A coding agent for scientific and algorithmic discovery,final_modules_or_bucket,01,formal_module,1,1
ASD-0064,Phenograph: A multi-agent framework for phenotype-driven discovery in spatial transcriptomics data augmented with knowledge graphs,final_modules_or_bucket,06,formal_module,1,1
ASD-0064,Phenograph: A multi-agent framework for phenotype-driven discovery in spatial transcriptomics data augmented with knowledge graphs,final_modules_or_bucket,07,formal_module,2,1
ASD-0065,Matpilot: an llm-enabled ai materials scientist under the framework of human-machine collaboration,final_modules_or_bucket,04,formal_module,1,1
ASD-0068,An agentic framework for autonomous metamaterial modeling and inverse design,final_modules_or_bucket,04,formal_module,1,1
ASD-0069,The ai scientist: Towards fully automated open-ended scientific discovery,final_modules_or_bucket,01,formal_module,1,1
ASD-0069,The ai scientist: Towards fully automated open-ended scientific discovery,final_modules_or_bucket,11,formal_module,2,1
ASD-0070,Moose-chem3: Toward experiment-guided hypothesis ranking via simulated experimental feedback,final_modules_or_bucket,03,formal_module,1,1
ASD-0071,Toward a team of ai-made scientists for scientific discovery from gene expression data,final_modules_or_bucket,06,formal_module,1,1
ASD-0075,Prim: Principle-inspired material discovery through multi-agent collaboration,final_modules_or_bucket,04,formal_module,1,1
ASD-0076,Mt-mol: Multi agent system with tool-based reasoning for molecular optimization,final_modules_or_bucket,03,formal_module,1,1
ASD-0077,Stella: Self-evolving llm agent for biomedical research,final_modules_or_bucket,07,formal_module,1,1
ASD-0079,DrugAgent: Multi-Agent Large Language Model-Based Reasoning for Drug-Target Interaction Prediction,final_modules_or_bucket,07,formal_module,1,1
ASD-0080,System of agentic ai for the discovery of metal-organic frameworks,final_modules_or_bucket,04,formal_module,1,1
ASD-0081,Crispr-gpt: An llm agent for automated design of gene-editing experiments,final_modules_or_bucket,06,formal_module,1,0
ASD-0083,Robin: A multi-agent system for automating scientific discovery,final_modules_or_bucket,06,formal_module,1,0
ASD-0083,Robin: A multi-agent system for automating scientific discovery,final_modules_or_bucket,07,formal_module,2,0
ASD-0084,Automating alloy design and discovery with physics-aware multimodal multiagent ai,final_modules_or_bucket,04,formal_module,1,1
ASD-0085,Protagents: protein discovery via large language model multi-agent collaborations combining physics and machine learning,final_modules_or_bucket,04,formal_module,1,1
ASD-0085,Protagents: protein discovery via large language model multi-agent collaborations combining physics and machine learning,final_modules_or_bucket,06,formal_module,2,1
ASD-0089,Researchcodeagent: An llm multi-agent system for automated codification of research methodologies,final_modules_or_bucket,01,formal_module,1,1
ASD-0090,Agents for self-driving laboratories applied to quantum computing,final_modules_or_bucket,02,formal_module,1,1
ASD-0091,Agentic mixture-of-workflows for multi-modal chemical search,final_modules_or_bucket,03,formal_module,1,1
ASD-0091,Agentic mixture-of-workflows for multi-modal chemical search,final_modules_or_bucket,04,formal_module,2,1
ASD-0093,Augmenting large language models with chemistry tools,final_modules_or_bucket,03,formal_module,1,1
ASD-0093,Augmenting large language models with chemistry tools,final_modules_or_bucket,04,formal_module,2,1
ASD-0093,Augmenting large language models with chemistry tools,final_modules_or_bucket,07,formal_module,3,1
ASD-0094,Autonomous chemical research with large language models,final_modules_or_bucket,03,formal_module,1,1
ASD-0095,Multicrossmodal automated agent for integrating diverse materials science data,final_modules_or_bucket,04,formal_module,1,1
ASD-0096,dziner: Rational inverse design of materials with ai agents,final_modules_or_bucket,03,formal_module,1,1
ASD-0096,dziner: Rational inverse design of materials with ai agents,final_modules_or_bucket,04,formal_module,2,1
ASD-0096,dziner: Rational inverse design of materials with ai agents,final_modules_or_bucket,07,formal_module,3,1
ASD-0097,Cellvoyager: Ai compbio agent generates new insights by autonomously analyzing biological data,final_modules_or_bucket,06,formal_module,1,1
ASD-0100,Scireplicate-bench: Benchmarking llms in agent-driven algorithmic reproduction from research papers,final_modules_or_bucket,01,formal_module,1,1
ASD-0111,"SciMaster: Towards general-purpose scientific AI agents, Part I. X-Master as foundation: Can we lead on Humanity's Last Exam?",final_modules_or_bucket,01.04,general_bucket,1,1
ASD-0112,CSSTep: Step-by-step exploration of the chemical space of drug molecules via multi-agent and multi-stage reinforcement learning,final_modules_or_bucket,03,formal_module,1,1
ASD-0113,PharmAgents: Building a virtual pharma with large language model agents,final_modules_or_bucket,07,formal_module,1,1
ASD-0113,PharmAgents: Building a virtual pharma with large language model agents,final_modules_or_bucket,03,formal_module,2,1
ASD-0114,Sparks: Multi-agent artificial intelligence model discovers protein design principles,final_modules_or_bucket,06,formal_module,1,1
ASD-0115,Towards an AI co-scientist,final_modules_or_bucket,06,formal_module,1,1
ASD-0115,Towards an AI co-scientist,final_modules_or_bucket,07,formal_module,2,1
ASD-0116,Electromagnetic metamaterial agent,final_modules_or_bucket,04,formal_module,1,1
ASD-0116,Electromagnetic metamaterial agent,final_modules_or_bucket,09,formal_module,2,1
ASD-0117,OSDA agent: Leveraging large language models for de novo design of organic structure directing agents,final_modules_or_bucket,03,formal_module,1,1
ASD-0117,OSDA agent: Leveraging large language models for de novo design of organic structure directing agents,final_modules_or_bucket,04,formal_module,2,1
ASD-0118,Biomni: A general-purpose biomedical AI agent,final_modules_or_bucket,06,formal_module,1,1
ASD-0118,Biomni: A general-purpose biomedical AI agent,final_modules_or_bucket,07,formal_module,2,1
ASD-0119,ChatMOF: An autonomous AI system for predicting and generating metal-organic frameworks,final_modules_or_bucket,04,formal_module,1,1
ASD-0120,AI agents for ground-based gamma astronomy,final_modules_or_bucket,02,formal_module,1,1
ASD-0121,Multi-agent system for cosmological parameter analysis,final_modules_or_bucket,02,formal_module,1,1
ASD-0124,A large language model-empowered agent for reliable and robust structural analysis,final_modules_or_bucket,09,formal_module,1,1
ASD-0125,Physics-informed LLM-agent for automated modulation design in power electronics systems,final_modules_or_bucket,09,formal_module,1,1
ASD-0126,BioAgents: Democratizing bioinformatics analysis with multi-agent systems,final_modules_or_bucket,06,formal_module,1,1
ASD-0127,The AI Cosmologist I: An agentic system for automated data analysis,final_modules_or_bucket,02,formal_module,1,1
ASD-0128,"MechAgents: Large language model multi-agent collaborations can solve mechanics problems, generate new data, and integrate knowledge",final_modules_or_bucket,09,formal_module,1,1
ASD-0129,OpenFOAMGPT: a RAG-augmented LLM agent for OpenFOAM-based computational fluid dynamics,final_modules_or_bucket,09,formal_module,1,1
ASD-0132,Many heads are better than one: Improved scientific idea generation by a LLM-based multi-agent system,final_modules_or_bucket,11,formal_module,1,1
ASD-0133,Interpreting multi-band galaxy observations with large language model-based agents,final_modules_or_bucket,02,formal_module,1,1
ASD-0134,ChemAgent: Self-updating library in large language models improves chemical reasoning,final_modules_or_bucket,03,formal_module,1,1
ASD-0135,A multi-agent framework integrating large language models and generative AI for accelerated metamaterial design,final_modules_or_bucket,04,formal_module,1,1
ASD-0136,StarWhisper Telescope: An AI framework for automating end-to-end astronomical observations,final_modules_or_bucket,02,formal_module,1,1
ASD-0137,Accelerating primer design for amplicon sequencing using large language model-powered agents,final_modules_or_bucket,06,formal_module,1,1
ASD-0137,Accelerating primer design for amplicon sequencing using large language model-powered agents,final_modules_or_bucket,07,formal_module,2,1
ASD-0138,CellAgent: LLM-Driven Multi-Agent Framework for Natural Language-Based Single-Cell Analysis,final_modules_or_bucket,06,formal_module,1,1
ASD-0139,Advancing AI-scientist understanding: Making LLM think like a physicist with interpretable reasoning,final_modules_or_bucket,02,formal_module,1,1
ASD-0140,Large language models for automated open-domain scientific hypotheses discovery,final_modules_or_bucket,11,formal_module,1,1
ASD-0141,TransAgent: Dynamizing transcriptional regulation analysis via multi-omics-aware AI agent,final_modules_or_bucket,06,formal_module,1,1
ASD-0141,TransAgent: Dynamizing transcriptional regulation analysis via multi-omics-aware AI agent,final_modules_or_bucket,07,formal_module,2,1
ASD-0145,CycleResearcher: Improving automated research via automated review,final_modules_or_bucket,01.04,general_bucket,1,1
ASD-0146,AIGS: Generating Science from AI-Powered Automated Falsification,final_modules_or_bucket,01,formal_module,1,1
ASD-0147,Nova: An iterative planning and search approach to enhance novelty and diversity of LLM-generated ideas,final_modules_or_bucket,01,formal_module,1,1
ASD-0149,A flexible and affordable self-driving laboratory for automated reaction optimization,final_modules_or_bucket,03,formal_module,1,1
ASD-0150,A dynamic knowledge graph approach to distributed self-driving laboratories,final_modules_or_bucket,03,formal_module,1,1
ASD-0151,Self-driving lab discovers principles for steering spontaneous emission beyond conventional Fourier optics,final_modules_or_bucket,02,formal_module,1,1
ASD-0151,Self-driving lab discovers principles for steering spontaneous emission beyond conventional Fourier optics,final_modules_or_bucket,04,formal_module,2,1
ASD-0152,An agentic AI framework for ingestion and standardization of single-cell RNA-seq data analysis,final_modules_or_bucket,06,formal_module,1,1
ASD-0152,An agentic AI framework for ingestion and standardization of single-cell RNA-seq data analysis,final_modules_or_bucket,07,formal_module,2,1
ASD-0154,Real-time experiment-theory closed-loop interaction for autonomous materials science,final_modules_or_bucket,04,formal_module,1,1
ASD-0155,"A multi-agentic framework for real-time, autonomous freeform metasurface design",final_modules_or_bucket,04,formal_module,1,1
ASD-0156,Bridging electron microscopy and materials analysis with an autonomous agentic platform,final_modules_or_bucket,04,formal_module,1,1
ASD-0158,A robotic platform for flow synthesis of organic compounds informed by AI planning,final_modules_or_bucket,03,formal_module,1,1
ASD-0179,Chemist-x: Large language model-empowered agent for reaction condition recommendation in chemical synthesis,final_modules_or_bucket,03,formal_module,1,1
ASD-0186,MARG: Multi-Agent Review Generation for Scientific Papers,final_modules_or_bucket,11,formal_module,1,1
ASD-0189,Automating exploratory proteomics research via language models,final_modules_or_bucket,06,formal_module,1,1
ASD-0254,From intention to implementation: automating biomedical research via llms,final_modules_or_bucket,06,formal_module,1,1
ASD-0254,From intention to implementation: automating biomedical research via llms,final_modules_or_bucket,07,formal_module,2,1
ASD-0276,Automating exploratory multiomics research via language models,final_modules_or_bucket,06,formal_module,1,1
ASD-0276,Automating exploratory multiomics research via language models,final_modules_or_bucket,07,formal_module,2,1
ASD-0280,An automatic end-to-end chemical synthesis development platform powered by large language models,final_modules_or_bucket,03,formal_module,1,1
ASD-0290,ChemReasoner: Heuristic search over a large language model's knowledge space using quantum-chemical feedback,final_modules_or_bucket,03,formal_module,1,1
ASD-0333,MOOSE-Chem: Large language models for rediscovering unseen chemistry scientific hypotheses,final_modules_or_bucket,03,formal_module,1,1
ASD-0357,Origene: A self-evolving virtual disease biologist automating therapeutic target discovery,final_modules_or_bucket,07,formal_module,1,1
ASD-0370,Self-driving laboratories to autonomously navigate the protein fitness landscape,final_modules_or_bucket,06,formal_module,1,1
ASD-0379,A self-driving laboratory advances the Pareto front for material properties,final_modules_or_bucket,04,formal_module,1,1
ASD-0381,Autonomous reaction Pareto-front mapping with a self-driving catalysis laboratory,final_modules_or_bucket,03,formal_module,1,1
ASD-0385,AlphaFlow: autonomous discovery and optimization of multi-step chemistry using a self-driven fluidic lab guided by reinforcement learning,final_modules_or_bucket,03,formal_module,1,1
ASD-0385,AlphaFlow: autonomous discovery and optimization of multi-step chemistry using a self-driven fluidic lab guided by reinforcement learning,final_modules_or_bucket,04,formal_module,2,1
ASD-0388,Crystallography companion agent for high-throughput materials discovery,final_modules_or_bucket,04,formal_module,1,1
ASD-0389,Autonomous discovery of optically active chiral inorganic perovskite nanocrystals through an intelligent cloud lab,final_modules_or_bucket,04,formal_module,1,1
ASD-0390,A self-driving laboratory designed to accelerate the discovery of adhesive materials,final_modules_or_bucket,04,formal_module,1,1
ASD-0410,On-the-fly closed-loop materials discovery via Bayesian active learning,final_modules_or_bucket,04,formal_module,1,1
ASD-0415,Autonomous polymer synthesis delivered by multi-objective closed-loop optimisation,final_modules_or_bucket,04,formal_module,1,1
ASD-0417,Autonomous optimization of non-aqueous Li-ion battery electrolytes via robotic experimentation and machine learning coupling,final_modules_or_bucket,04,formal_module,1,1
ASD-0418,Data-science driven autonomous process optimization,final_modules_or_bucket,03,formal_module,1,1
ASD-0421,Closed-loop superconducting materials discovery,final_modules_or_bucket,04,formal_module,1,1
ASD-0422,Autonomous closed-loop mechanistic investigation of molecular electrochemistry via automation,final_modules_or_bucket,03,formal_module,1,1
ASD-0425,Efficient Closed-loop Maximization of Carbon Nanotube Growth Rate using Bayesian Optimization,final_modules_or_bucket,04,formal_module,1,1
ASD-0428,Discovering New Chemistry with an Autonomous Robotic Platform Driven by a Reactivity-Seeking Neural Network,final_modules_or_bucket,03,formal_module,1,1
ASD-0429,Toward autonomous additive manufacturing: Bayesian optimization on a 3D printer,final_modules_or_bucket,09,formal_module,1,1
ASD-0447,An autonomous portable platform for universal chemical synthesis,final_modules_or_bucket,03,formal_module,1,1
ASD-0455,A mobile robotic chemist,final_modules_or_bucket,04,formal_module,1,1
ASD-0463,AI-driven robotic chemist for autonomous synthesis of organic molecules,final_modules_or_bucket,03,formal_module,1,1
ASD-0466,Discovery of Wall-Selective Carbon Nanotube Growth Conditions <i>via</i> Automated Experimentation,final_modules_or_bucket,04,formal_module,1,1
ASD-0478,NIMS-OS: an automation software to implement a closed loop between artificial intelligence and robotic experiments in materials science,final_modules_or_bucket,04,formal_module,1,1
ASD-0484,Evolution-guided Bayesian optimization for constrained multi-objective optimization in self-driving labs,final_modules_or_bucket,04,formal_module,1,1
ASD-0487,Autonomous Discovery of Battery Electrolytes with Robotic Experimentation and Machine Learning,final_modules_or_bucket,04,formal_module,1,1
ASD-0491,Optimizing Perovskite Thin-Film Parameter Spaces with Machine Learning-Guided Robotic Platform for High-Performance Perovskite Solar Cells,final_modules_or_bucket,04,formal_module,1,1
ASD-0501,Functional genomic hypothesis generation and experimentation by a robot scientist,final_modules_or_bucket,06,formal_module,1,1
ASD-0503,Self-driving laboratory for accelerated discovery of thin-film materials,final_modules_or_bucket,04,formal_module,1,1
ASD-0504,A Bayesian experimental autonomous researcher for mechanical design,final_modules_or_bucket,09,formal_module,1,1
ASD-0505,Autonomous and dynamic precursor selection for solid-state materials synthesis,final_modules_or_bucket,04,formal_module,1,1
ASD-0506,Closed-loop transfer enables artificial intelligence to yield chemical knowledge,final_modules_or_bucket,03,formal_module,1,1
ASD-0507,Identifying general reaction conditions by bandit optimization,final_modules_or_bucket,03,formal_module,1,1
ASD-0508,"Autonomous, multiproperty-driven molecular discovery: From predictions to measurements and back",final_modules_or_bucket,03,formal_module,1,1
ASD-0510,A conversational multi-agent AI system for automated plant phenotyping,final_modules_or_bucket,06,formal_module,1,1
ASD-0510,A conversational multi-agent AI system for automated plant phenotyping,final_modules_or_bucket,08,formal_module,2,1
ASD-0511,Operating advanced scientific instruments with AI agents that learn on the job,final_modules_or_bucket,04,formal_module,1,1
ASD-0511,Operating advanced scientific instruments with AI agents that learn on the job,final_modules_or_bucket,09,formal_module,2,1
ASD-0512,Mathematical discoveries from program search with large language models,final_modules_or_bucket,01,formal_module,1,1
ASD-0513,Networking autonomous material exploration systems through transfer learning,final_modules_or_bucket,04,formal_module,1,1
ASD-0514,Autonomous phase mapping of gold nanoparticles synthesis with differentiable models of spectral shape,final_modules_or_bucket,04,formal_module,1,1
ASD-0515,Autonomous closed-loop exploration of composition-spread films for the anomalous Hall effect,final_modules_or_bucket,04,formal_module,1,1
ASD-0516,A self-driving physical vapor deposition system making sample-specific decisions on the fly,final_modules_or_bucket,04,formal_module,1,1
ASD-0516,A self-driving physical vapor deposition system making sample-specific decisions on the fly,final_modules_or_bucket,09,formal_module,2,1
ASD-0517,Self-driving lab for the photochemical synthesis of plasmonic nanoparticles with targeted structural and optical properties,final_modules_or_bucket,04,formal_module,1,1
ASD-0518,A generalized platform for artificial intelligence-powered autonomous enzyme engineering,final_modules_or_bucket,06,formal_module,1,1
ASD-0519,A high-throughput experimentation platform for data-driven discovery in electrochemistry,final_modules_or_bucket,03,formal_module,1,1
ASD-0519,A high-throughput experimentation platform for data-driven discovery in electrochemistry,final_modules_or_bucket,04,formal_module,2,1
ASD-0520,Bayesian learning-assisted catalyst discovery for efficient iridium utilization in electrochemical water splitting,final_modules_or_bucket,03,formal_module,1,1
ASD-0520,Bayesian learning-assisted catalyst discovery for efficient iridium utilization in electrochemical water splitting,final_modules_or_bucket,04,formal_module,2,1
ASD-0521,CRISPR-GPT for agentic automation of gene-editing experiments,final_modules_or_bucket,06,formal_module,1,1
ASD-0522,Evaluating large language model agents for automation of atomic force microscopy,final_modules_or_bucket,04,formal_module,1,1
ASD-0522,Evaluating large language model agents for automation of atomic force microscopy,final_modules_or_bucket,09,formal_module,2,1
ASD-0523,Towards end-to-end automation of AI research,final_modules_or_bucket,01,formal_module,1,1
ASD-0523,Towards end-to-end automation of AI research,final_modules_or_bucket,11,formal_module,2,1
ASD-0524,AgenticSciML: collaborative multi-agent systems for emergent discovery in scientific machine learning,final_modules_or_bucket,01,formal_module,1,1
ASD-0525,TeLLAgent: a dual-agent framework for reliable scientific discovery with tool-enhanced LLMs,final_modules_or_bucket,03,formal_module,1,1
ASD-0525,TeLLAgent: a dual-agent framework for reliable scientific discovery with tool-enhanced LLMs,final_modules_or_bucket,04,formal_module,2,1
ASD-0526,Constitutive scientific generative agent (CSGA): Leveraging large language models for automated constitutive model discovery,final_modules_or_bucket,09,formal_module,1,1
ASD-0528,AutoSciLab: A Self-Driving Laboratory for Interpretable Scientific Discovery,final_modules_or_bucket,02,formal_module,1,1
ASD-0529,RAISE: a self-driving laboratory for interfacial property formulation discovery,final_modules_or_bucket,04,formal_module,1,1
ASD-0530,Autonomous Scientific Discovery Through Hierarchical AI Scientist Systems,final_modules_or_bucket,01.04,general_bucket,1,1
ASD-0531,GALILEO: Embodied AI scientist for autonomous therapeutic discovery in dynamic membrane systems,final_modules_or_bucket,06,formal_module,1,1
ASD-0531,GALILEO: Embodied AI scientist for autonomous therapeutic discovery in dynamic membrane systems,final_modules_or_bucket,07,formal_module,2,1
ASD-0535,Accelerated inorganic materials design with generative AI agents,final_modules_or_bucket,04,formal_module,1,1
ASD-0536,TCM-Agent: Advancing Network Pharmacology and Herbal Medicine Discovery with LLM-Based Multi-Agent Systems,final_modules_or_bucket,07,formal_module,1,1
ASD-0537,Medea: An omics AI agent for therapeutic discovery,final_modules_or_bucket,06,formal_module,1,1
ASD-0537,Medea: An omics AI agent for therapeutic discovery,final_modules_or_bucket,07,formal_module,2,1
ASD-0538,Masgent: an AI-assisted materials simulation agent,final_modules_or_bucket,04,formal_module,1,1
ASD-0539,Accelerating materials discovery via AI-Agent integration of large language models and simulation tools,final_modules_or_bucket,03,formal_module,1,1
ASD-0539,Accelerating materials discovery via AI-Agent integration of large language models and simulation tools,final_modules_or_bucket,04,formal_module,2,1
ASD-0540,A multi-agent system for automating scientific discovery,final_modules_or_bucket,06,formal_module,1,1
ASD-0540,A multi-agent system for automating scientific discovery,final_modules_or_bucket,07,formal_module,2,1
ASD-0541,PromptBio: A Multi-Agent AI Platform for Bioinformatics Data Analysis,final_modules_or_bucket,01.04,general_bucket,1,1
ASD-0542,MADD: Multi-Agent Drug Discovery Orchestra,final_modules_or_bucket,07,formal_module,1,1
ASD-0543,Machine Learning Copilot Agent: An LLM-Guided Workflow for Prognostic Gene Discovery,final_modules_or_bucket,06,formal_module,1,1
ASD-0543,Machine Learning Copilot Agent: An LLM-Guided Workflow for Prognostic Gene Discovery,final_modules_or_bucket,07,formal_module,2,1
ASD-0544,LLM-Agent Powered Automated Literature Review and Hypothesis Generation for Cancer Biomarker Discovery,final_modules_or_bucket,07,formal_module,1,1
ASD-0545,IMMUNIA: A Multi-LLM Reasoning Agent for Immunoregulatory Surfaceome Discovery,final_modules_or_bucket,06,formal_module,1,1
ASD-0545,IMMUNIA: A Multi-LLM Reasoning Agent for Immunoregulatory Surfaceome Discovery,final_modules_or_bucket,07,formal_module,2,1
ASD-0547,Closed-loop experimental AI for pixelated metasurface design,final_modules_or_bucket,04,formal_module,1,1
ASD-0548,OpenScientist: evaluating an open agentic AI co-scientist to accelerate biomedical discovery,final_modules_or_bucket,06,formal_module,1,1
ASD-0548,OpenScientist: evaluating an open agentic AI co-scientist to accelerate biomedical discovery,final_modules_or_bucket,07,formal_module,2,1
ASD-0549,DeepInflation: An AI Agent for Research and Model Discovery of Inflation,final_modules_or_bucket,02,formal_module,1,1
ASD-0552,Multi agent large language models for biomedical hypothesis generation in drug combination discovery,final_modules_or_bucket,07,formal_module,1,1
ASD-0553,ToolsGenie 2.0: A Scalable and Extensible Multi-Agent System for Bioinformatics Automation,final_modules_or_bucket,01.04,general_bucket,1,1
ASD-0554,BioAgent: An Auditable Multi-Agent Framework for Reproducible Translational Bioinformatics,final_modules_or_bucket,06,formal_module,1,1
ASD-0554,BioAgent: An Auditable Multi-Agent Framework for Reproducible Translational Bioinformatics,final_modules_or_bucket,07,formal_module,2,1
ASD-0556,DrugPilot: LLM-based Parameterized Reasoning Agent for Drug Discovery,final_modules_or_bucket,07,formal_module,1,1
ASD-0557,"Unlocking azobenzene isomerization mechanisms via an LLM agent-driven workflow integrating simulation, experiment, and machine learning",final_modules_or_bucket,03,formal_module,1,1
ASD-0558,Closed-Loop AI Enables Organic Continuous-Wave Laser,final_modules_or_bucket,04,formal_module,1,1
ASD-0564,An agentic framework for autonomous scientific discovery in cancer pathology,final_modules_or_bucket,07,formal_module,1,1
ASD-0564,An agentic framework for autonomous scientific discovery in cancer pathology,final_modules_or_bucket,06,formal_module,2,1
ASD-0565,Agentic AI for autonomous discovery of radiation-tolerant CoCrFeMnNi high entropy alloys,final_modules_or_bucket,04,formal_module,1,1
ASD-0567,Egent: An Autonomous Agent for Equivalent Width Measurement,final_modules_or_bucket,02,formal_module,1,1
ASD-0568,Multi-Agent-Network-Based Idea Generator for Zinc-Ion Battery Electrolyte Discovery: A Case Study on Zinc Tetrafluoroborate Hydrate-Based Deep Eutectic Electrolytes,final_modules_or_bucket,04,formal_module,1,1
ASD-0569,Autonomous Nanocrystal Doping by Self-Driving Fluidic Micro-Processors,final_modules_or_bucket,04,formal_module,1,1
ASD-0570,Knowledge-driven autonomous materials research via collaborative multi-agent and robotic system,final_modules_or_bucket,04,formal_module,1,1
ASD-0571,CRYSTAL: a multi-agent AI system for automated mapping of materials' crystal structures,final_modules_or_bucket,04,formal_module,1,1
ASD-0572,Autonomous discovery of functional random heteropolymer blends through evolutionary formulation optimization,final_modules_or_bucket,04,formal_module,1,1
ASD-0572,Autonomous discovery of functional random heteropolymer blends through evolutionary formulation optimization,final_modules_or_bucket,06,formal_module,2,1
ASD-0573,A Self-Driving Fluidic Lab for Data-Driven Synthesis of Lead-Free Perovskite Nanocrystals,final_modules_or_bucket,04,formal_module,1,1
ASD-0574,GeneAgent: self-verification language agent for gene-set analysis using domain databases,final_modules_or_bucket,06,formal_module,1,1
ASD-0575,A curious formulation robot enables the discovery of a novel protocell behavior,final_modules_or_bucket,03,formal_module,1,1
ASD-0576,Towards a fully automated algorithm driven platform for biosystems design,final_modules_or_bucket,06,formal_module,1,1
ASD-0577,Autonomous multi-robot synthesis and optimization of metal halide perovskite nanocrystals,final_modules_or_bucket,04,formal_module,1,1
ASD-0579,A Bayesian active learning platform for scalable combination drug screens,final_modules_or_bucket,07,formal_module,1,1
ASD-0581,A chemical autonomous robotic platform for end-to-end synthesis of nanoparticles,final_modules_or_bucket,04,formal_module,1,1
ASD-0582,Autonomous platform for solution processing of electronic polymers,final_modules_or_bucket,04,formal_module,1,1
ASD-0586,A virtual platform for automated hybrid organic-enzymatic synthesis planning,final_modules_or_bucket,03,formal_module,1,1
ASD-0587,Collective intelligence for AI-assisted chemical synthesis,final_modules_or_bucket,03,formal_module,1,1
ASD-0589,An integrated self-optimizing programmable chemical synthesis and reaction engine,final_modules_or_bucket,03,formal_module,1,1
ASD-0590,A robotic platform for the synthesis of colloidal nanocrystals,final_modules_or_bucket,04,formal_module,1,1
ASD-0591,Self-optimizing parallel millifluidic reactor for scaling nanoparticle synthesis,final_modules_or_bucket,04,formal_module,1,1
ASD-0592,Autonomous materials synthesis by machine learning and robotics,final_modules_or_bucket,04,formal_module,1,1
ASD-0617,An industrial automated laboratory for programmable protein evolution,final_modules_or_bucket,06,formal_module,1,1
ASD-0618,Integrating protein language models and automatic biofoundry for enhanced protein evolution,final_modules_or_bucket,06,formal_module,1,1
ASD-0596,Operate a Cell-Free Biofoundry using Large Language Models,final_modules_or_bucket,06,formal_module,1,1
ASD-0597,Verification and execution of the scientific literature via chemputation augmented by large language models,final_modules_or_bucket,03,formal_module,1,1
ASD-0598,A Self-Driving Lab for Nano- and Advanced Materials Synthesis,final_modules_or_bucket,04,formal_module,1,1
ASD-0599,An AI-Native Biofoundry for Autonomous Enzyme Engineering: Integrating Active Learning with Automated Experimentation,final_modules_or_bucket,06,formal_module,1,1
ASD-0600,A universal system for digitization and automatic execution of the chemical synthesis literature,final_modules_or_bucket,03,formal_module,1,1
ASD-0601,"Automated self-optimization, intensification, and scale-up of photocatalysis in flow",final_modules_or_bucket,03,formal_module,1,1
ASD-0603,Reconfigurable system for automated optimization of diverse chemical reactions,final_modules_or_bucket,03,formal_module,1,1
ASD-0605,Evolution of oil droplets in a chemorobotic platform,final_modules_or_bucket,03,formal_module,1,1
ASD-0606,Accelerate Synthesis of Metal-Organic Frameworks by a Robotic Platform and Bayesian Optimization,final_modules_or_bucket,04,formal_module,1,1
ASD-0607,Organic synthesis in a modular robotic system driven by a chemical programming language,final_modules_or_bucket,03,formal_module,1,1
ASD-0608,Autonomous Battery Optimization by Deploying Distributed Experiments and Simulations,final_modules_or_bucket,04,formal_module,1,1
ASD-0609,Automated pH Adjustment Driven by Robotic Workflows and Active Machine Learning,final_modules_or_bucket,03,formal_module,1,1
ASD-0610,Autonomous retrosynthesis of gold nanoparticles via spectral shape matching,final_modules_or_bucket,04,formal_module,1,1
ASD-0611,Autonomous materials synthesis via hierarchical active learning of nonequilibrium phase diagrams,final_modules_or_bucket,04,formal_module,1,1
ASD-0612,Navigating phase diagram complexity to guide robotic inorganic materials synthesis,final_modules_or_bucket,04,formal_module,1,1
ASD-0613,Physics Discovery in Nanoplasmonic Systems via Autonomous Experiments in Scanning Transmission Electron Microscopy,final_modules_or_bucket,02,formal_module,1,1
ASD-0614,"Modular, Multi-Robot Integration of Laboratories: An Autonomous Solid-State Workflow for Powder X-Ray Diffraction",final_modules_or_bucket,04,formal_module,1,1
ASD-0615,Using simulation to accelerate autonomous experimentation: A case study using mechanics,final_modules_or_bucket,09,formal_module,1,1
ASD-0621,An integrated high-throughput robotic platform and active learning approach for accelerated discovery of optimal electrolyte formulations,final_modules_or_bucket,04,formal_module,1,1
ASD-0622,Active learning accelerates electrolyte solvent screening for anode-free lithium metal batteries,final_modules_or_bucket,04,formal_module,1,1
ASD-0623,ClimAgent: LLM as Agents for Autonomous Open-ended Climate Science Analysis,final_modules_or_bucket,05,formal_module,1,1
ASD-0624,SciSciGPT: advancing human-AI collaboration in the science of science,final_modules_or_bucket,11,formal_module,1,1
ASD-0625,ReviewAgents: Bridging the Gap Between Human and AI-Generated Paper Reviews,final_modules_or_bucket,11,formal_module,1,1
ASD-0626,From Passive Generation to Investigation: A Proactive Scientific Peer Review Agent,final_modules_or_bucket,11,formal_module,1,1
ASD-0627,Adaptive Science Operations in Deep Space Missions Using Offline Belief State Planning,final_modules_or_bucket,10,formal_module,1,1
ASD-0628,ScholarPeer: A Context-Aware Multi-Agent Framework for Automated Peer Review,final_modules_or_bucket,11,formal_module,1,1
ASD-0629,CiteME: Can Language Models Accurately Cite Scientific Claims?,final_modules_or_bucket,11,formal_module,1,1
ASD-0630,Autonomous robotic experimentation system for powder X-ray diffraction,final_modules_or_bucket,04,formal_module,1,1
ASD-0631,Autonomous Discovery of Polymer Electrolyte Formulations with Warm-Start Batch Bayesian Optimization,final_modules_or_bucket,04,formal_module,1,1
ASD-0632,A Hierarchical Multi-Agent System for Autonomous Discovery in Geoscientific Data Archives,final_modules_or_bucket,05,formal_module,1,1
ASD-0633,A Self-Evolving AI Agent System for Climate Science,final_modules_or_bucket,05,formal_module,1,1
ASD-0634,Aleks: AI powered Multi Agent System for Autonomous Scientific Discovery via Data-Driven Approaches in Plant Science,final_modules_or_bucket,08,formal_module,1,1
ASD-0635,TianJi: An autonomous AI meteorologist for discovering physical mechanisms in atmospheric science,final_modules_or_bucket,05,formal_module,1,1
ASD-0636,EGTR-Review: Efficient Evidence-Grounded Scientific Peer Review,final_modules_or_bucket,11,formal_module,1,1
ASD-0637,Leveraging LLM-based agents for social science research: insights from citation network simulations,final_modules_or_bucket,11,formal_module,1,1
ASD-0644,LLM Agents as Social Scientists: A Human-AI Collaborative Platform for Social Science Automation,final_modules_or_bucket,11,formal_module,1,1
ASD-0645,The Autonomous Sciencecraft Experiment Onboard the EO-1 Spacecraft,final_modules_or_bucket,10,formal_module,1,1
ASD-0647,Autonomous Small Body Science Operations Using Reinforcement Learning,final_modules_or_bucket,10,formal_module,1,1
ASD-0648,Reinforcement Learning For Earth-Observing Satellite Autonomy With Event-Based Task Intervals,final_modules_or_bucket,10,formal_module,1,1
ASD-0649,"CMIP-Forge: An Agentic System that Retrieves, Computes, and Self-Reviews Climate Science",final_modules_or_bucket,05,formal_module,1,1
ASD-0650,OpenEarth-Agent: From Tool Calling to Tool Creation for Open-Environment Earth Observation,final_modules_or_bucket,05,formal_module,1,1
ASD-0650,OpenEarth-Agent: From Tool Calling to Tool Creation for Open-Environment Earth Observation,final_modules_or_bucket,08,formal_module,2,1
ASD-0650,OpenEarth-Agent: From Tool Calling to Tool Creation for Open-Environment Earth Observation,final_modules_or_bucket,11,formal_module,3,1
ASD-0651,AI Driven Discovery of Bio Ecological Mediation in Cascading Heatwave Risks,final_modules_or_bucket,05,formal_module,1,1
ASD-0651,AI Driven Discovery of Bio Ecological Mediation in Cascading Heatwave Risks,final_modules_or_bucket,11,formal_module,2,1
ASD-0652,ResearchTown: Simulator of Human Research Community,final_modules_or_bucket,11,formal_module,1,1
ASD-0653,Earth-Agent: Unlocking the Full Landscape of Earth Observation with Agents,final_modules_or_bucket,05,formal_module,1,1
ASD-0654,HLER: Human-in-the-Loop Economic Research via Multi-Agent Pipelines for Empirical Discovery,final_modules_or_bucket,11,formal_module,1,1
ASD-0655,TreeReview: A Dynamic Tree of Questions Framework for Deep and Efficient LLM-based Scientific Peer Review,final_modules_or_bucket,11,formal_module,1,1
ASD-0656,AI-Assisted Peer Review at Scale: The AAAI-26 AI Review Pilot,final_modules_or_bucket,11,formal_module,1,1
ASD-0658,"Read the Paper, Write the Code: Agentic Reproduction of Social-Science Results",final_modules_or_bucket,11,formal_module,1,1
ASD-0659,Autonomous Agents Coordinating Distributed Discovery Through Emergent Artifact Exchange,final_modules_or_bucket,04,formal_module,1,1
ASD-0659,Autonomous Agents Coordinating Distributed Discovery Through Emergent Artifact Exchange,final_modules_or_bucket,06,formal_module,2,1
ASD-0659,Autonomous Agents Coordinating Distributed Discovery Through Emergent Artifact Exchange,final_modules_or_bucket,07,formal_module,3,1
ASD-0659,Autonomous Agents Coordinating Distributed Discovery Through Emergent Artifact Exchange,final_modules_or_bucket,11,formal_module,4,1
ASD-0660,S1-NexusAgent: a Self-Evolving Agent Framework for Multidisciplinary Scientific Research,final_modules_or_bucket,03,formal_module,1,1
ASD-0660,S1-NexusAgent: a Self-Evolving Agent Framework for Multidisciplinary Scientific Research,final_modules_or_bucket,04,formal_module,2,1
ASD-0660,S1-NexusAgent: a Self-Evolving Agent Framework for Multidisciplinary Scientific Research,final_modules_or_bucket,06,formal_module,3,1
ASD-0660,S1-NexusAgent: a Self-Evolving Agent Framework for Multidisciplinary Scientific Research,final_modules_or_bucket,07,formal_module,4,1
ASD-0662,Mimosa Framework: Toward Evolving Multi-Agent Systems for Scientific Research,final_modules_or_bucket,03,formal_module,1,1
ASD-0662,Mimosa Framework: Toward Evolving Multi-Agent Systems for Scientific Research,final_modules_or_bucket,05,formal_module,2,1
ASD-0662,Mimosa Framework: Toward Evolving Multi-Agent Systems for Scientific Research,final_modules_or_bucket,06,formal_module,3,1
ASD-0662,Mimosa Framework: Toward Evolving Multi-Agent Systems for Scientific Research,final_modules_or_bucket,11,formal_module,4,1
ASD-0663,AutoScientists: Self-Organizing Agent Teams for Long-Running Scientific Experimentation,final_modules_or_bucket,01,formal_module,1,1
ASD-0663,AutoScientists: Self-Organizing Agent Teams for Long-Running Scientific Experimentation,final_modules_or_bucket,06,formal_module,2,1
ASD-0663,AutoScientists: Self-Organizing Agent Teams for Long-Running Scientific Experimentation,final_modules_or_bucket,07,formal_module,3,1
ASD-0664,Autonomous computational catalysis through an agentic research system,final_modules_or_bucket,03,formal_module,1,1
ASD-0664,Autonomous computational catalysis through an agentic research system,final_modules_or_bucket,04,formal_module,2,1
ASD-0665,TSAgent: An Agentic Workflow for Autonomous Transition State Search,final_modules_or_bucket,03,formal_module,1,1
ASD-0666,MatClaw: An Autonomous Code-First LLM Agent for End-to-End Materials Exploration,final_modules_or_bucket,04,formal_module,1,1
ASD-0667,From Natural Language to Materials Discovery: The Materials Knowledge Navigation Agent,final_modules_or_bucket,04,formal_module,1,1
ASD-0668,Autonomous Multi-Agent AI for High-Throughput Polymer Informatics: From Property Prediction to Generative Design Across Synthetic and Bio-Polymers,final_modules_or_bucket,04,formal_module,1,1
ASD-0669,MARBLE: Multi-Agent Reasoning for Bioinformatics Learning and Evolution,final_modules_or_bucket,06,formal_module,1,1
ASD-0669,MARBLE: Multi-Agent Reasoning for Bioinformatics Learning and Evolution,final_modules_or_bucket,07,formal_module,2,1
ASD-0670,Mozi: Governed Autonomy for Drug Discovery LLM Agents,final_modules_or_bucket,07,formal_module,1,1
ASD-0671,AutoResearchClaw: Self-Reinforcing Autonomous Research with Human-AI Collaboration,final_modules_or_bucket,01,formal_module,1,1
ASD-0671,AutoResearchClaw: Self-Reinforcing Autonomous Research with Human-AI Collaboration,final_modules_or_bucket,02,formal_module,2,1
ASD-0671,AutoResearchClaw: Self-Reinforcing Autonomous Research with Human-AI Collaboration,final_modules_or_bucket,06,formal_module,3,1
ASD-0672,Polymer-Agent: Large Language Model Agent for Polymer Design,final_modules_or_bucket,04,formal_module,1,1
ASD-0673,Harnessing AtomisticSkills for Agentic Atomistic Research,final_modules_or_bucket,03,formal_module,1,1
ASD-0673,Harnessing AtomisticSkills for Agentic Atomistic Research,final_modules_or_bucket,04,formal_module,2,1
ASD-0673,Harnessing AtomisticSkills for Agentic Atomistic Research,final_modules_or_bucket,07,formal_module,3,1
ASD-0674,GraphAgents: Knowledge Graph-Guided Agentic AI for Cross-Domain Materials Design,final_modules_or_bucket,04,formal_module,1,1
ASD-0675,"MolClaw: An Autonomous Agent with Hierarchical Skills for Drug Molecule Evaluation, Screening, and Optimization",final_modules_or_bucket,07,formal_module,1,1
ASD-0676,AutoSci: A Memory-Centric Agentic System for the Full Scientific Research Lifecycle,final_modules_or_bucket,01,formal_module,1,1
ASD-0676,AutoSci: A Memory-Centric Agentic System for the Full Scientific Research Lifecycle,final_modules_or_bucket,06,formal_module,2,1
ASD-0676,AutoSci: A Memory-Centric Agentic System for the Full Scientific Research Lifecycle,final_modules_or_bucket,07,formal_module,3,1
ASD-0677,DeepRoot: A KG-Coordinated Multi-Agent System for Therapeutic Reasoning over Historical Medical Texts,final_modules_or_bucket,07,formal_module,1,1
ASD-0678,Latent-Y: A Lab-Validated Autonomous Agent for De Novo Drug Design,final_modules_or_bucket,07,formal_module,1,1
ASD-0679,Rhizome OS-1: Rhizome's Semi-Autonomous Operating System for Small Molecule Drug Discovery,final_modules_or_bucket,03,formal_module,1,1
ASD-0679,Rhizome OS-1: Rhizome's Semi-Autonomous Operating System for Small Molecule Drug Discovery,final_modules_or_bucket,07,formal_module,2,1
ASD-0680,Agentic Fusion of Large Atomic and Language Models to Accelerate Superconductor Discovery,final_modules_or_bucket,04,formal_module,1,1
ASD-0681,Agentic LLM Reasoning in a Self-Driving Laboratory for Air-Sensitive Lithium Halide Spinel Conductors,final_modules_or_bucket,04,formal_module,1,1
ASD-0682,El Agente S��lido: A New Age(nt) for Solid State Simulations,final_modules_or_bucket,04,formal_module,1,1
ASD-0683,PeroMAS: A Multi-agent System of Perovskite Material Discovery,final_modules_or_bucket,04,formal_module,1,1
ASD-0684,ChemNavigator: Agentic AI Discovery of Design Rules for Organic Photocatalysts,final_modules_or_bucket,03,formal_module,1,1
ASD-0687,Agentic AI for Multi-Stage Physics Experiments at a Large-Scale User Facility Particle Accelerator,final_modules_or_bucket,02,formal_module,1,1
ASD-0688,"OpenFOAMGPT 2.0: end-to-end, trustworthy automation for computational fluid dynamics",final_modules_or_bucket,09,formal_module,1,1
ASD-0691,OASIS: Onboard Autonomous Science Investigation System for Opportunistic Rover Science,final_modules_or_bucket,05,formal_module,1,1
ASD-0691,OASIS: Onboard Autonomous Science Investigation System for Opportunistic Rover Science,final_modules_or_bucket,10,formal_module,2,1
ASD-0693,Enabling Onboard Detection of Events of Scientific Interest for the Europa Clipper Spacecraft,final_modules_or_bucket,05,formal_module,1,1
ASD-0693,Enabling Onboard Detection of Events of Scientific Interest for the Europa Clipper Spacecraft,final_modules_or_bucket,10,formal_module,2,1
ASD-0695,FoodPuzzle: Developing Large Language Model Agents as Flavor Scientists,final_modules_or_bucket,08,formal_module,1,1
ASD-0696,AEGIS Automated Science Targeting for the MER Opportunity Rover,final_modules_or_bucket,05,formal_module,1,1
ASD-0696,AEGIS Automated Science Targeting for the MER Opportunity Rover,final_modules_or_bucket,10,formal_module,2,1
ASD-0697,AEGIS autonomous targeting for ChemCam on Mars Science Laboratory: Deployment and results of initial science team use,final_modules_or_bucket,05,formal_module,1,1
ASD-0697,AEGIS autonomous targeting for ChemCam on Mars Science Laboratory: Deployment and results of initial science team use,final_modules_or_bucket,10,formal_module,2,1
ASD-0698,APRES: An Agentic Paper Revision and Evaluation System,final_modules_or_bucket,11,formal_module,1,1
ASD-0699,ARA: Agentic Reproducibility Assessment For Scalable Support Of Scientific Peer-Review,final_modules_or_bucket,11,formal_module,1,1
ASD-0700,Reimagining Peer Review Process Through Multi-Agent Mechanism Design,final_modules_or_bucket,11,formal_module,1,0
ASD-0701,Automating Computational Reproducibility in Social Science: Comparing Prompt-Based and Agent-Based Approaches,final_modules_or_bucket,11,formal_module,1,1
ASD-0702,Rover-Based Autonomous Science by Probabilistic Identification and Evaluation,final_modules_or_bucket,05,formal_module,1,1
ASD-0702,Rover-Based Autonomous Science by Probabilistic Identification and Evaluation,final_modules_or_bucket,10,formal_module,2,1
ASD-0703,Autonomous Science Agents and Sensor Webs: EO-1 and Beyond,final_modules_or_bucket,05,formal_module,1,1
ASD-0703,Autonomous Science Agents and Sensor Webs: EO-1 and Beyond,final_modules_or_bucket,10,formal_module,2,1
ASD-0704,PaperRepro: Automated Computational Reproducibility Assessment for Social Science Papers,final_modules_or_bucket,11,formal_module,1,1
ASD-0705,Automated reproducibility assessments in the social and behavioral sciences using large language models,final_modules_or_bucket,11,formal_module,1,1
ASD-0706,aiXiv: A Next-Generation Open Access Ecosystem for Scientific Discovery Generated by AI Scientists,final_modules_or_bucket,11,formal_module,1,1
ASD-0707,ArgoLOOM: agentic AI for fundamental physics from quarks to cosmos,final_modules_or_bucket,02,formal_module,1,1
ASD-0708,GenoMAS: A Multi-Agent Framework for Scientific Discovery via Code-Driven Gene Expression Analysis,final_modules_or_bucket,06,formal_module,1,1
ASD-0709,Automated Targeting for the MSL Rover ChemCam Spectrometer,final_modules_or_bucket,05,formal_module,1,1
ASD-0709,Automated Targeting for the MSL Rover ChemCam Spectrometer,final_modules_or_bucket,10,formal_module,2,1
ASD-0710,AEGIS Autonomous Targeting for the SuperCam Instrument on the Mars 2020 Perseverance Rover,final_modules_or_bucket,05,formal_module,1,1
ASD-0710,AEGIS Autonomous Targeting for the SuperCam Instrument on the Mars 2020 Perseverance Rover,final_modules_or_bucket,10,formal_module,2,1
ASD-0711,Developing Autonomous Science Technology for the MSL Rover Mission,final_modules_or_bucket,05,formal_module,1,1
ASD-0711,Developing Autonomous Science Technology for the MSL Rover Mission,final_modules_or_bucket,10,formal_module,2,1
ASD-0712,Enabling Autonomous Rover Science Through Dynamic Planning and Scheduling,final_modules_or_bucket,10,formal_module,1,1
ASD-0713,Demonstrating Autonomy for Complex Space Missions: A Europa Lander Mission Autonomy Prototype,final_modules_or_bucket,10,formal_module,1,1
ASD-0714,K-Dense Analyst: Towards Fully Automated Scientific Analysis,final_modules_or_bucket,06,formal_module,1,1
ASD-0714,K-Dense Analyst: Towards Fully Automated Scientific Analysis,final_modules_or_bucket,07,formal_module,2,1
ASD-0715,"BioDisco: Multi-agent hypothesis generation with dual-mode evidence, iterative feedback and temporal evaluation",final_modules_or_bucket,07,formal_module,1,1
ASD-0715,"BioDisco: Multi-agent hypothesis generation with dual-mode evidence, iterative feedback and temporal evaluation",final_modules_or_bucket,06,formal_module,2,1
ASD-0716,"Bio AI Agent: A Multi-Agent Artificial Intelligence System for Autonomous CAR-T Cell Therapy Development with Integrated Target Discovery, Toxicity Prediction, and Rational Molecular Design",final_modules_or_bucket,07,formal_module,1,1
ASD-0717,Paper Circle: An Open-source Multi-agent Research Discovery and Analysis Framework,final_modules_or_bucket,11,formal_module,1,1
ASD-0719,Mission Operations of Earth Observing-1 with Onboard Autonomy,final_modules_or_bucket,05,formal_module,1,1
ASD-0719,Mission Operations of Earth Observing-1 with Onboard Autonomy,final_modules_or_bucket,10,formal_module,2,1
ASD-0721,Integrated AI in Space: The Autonomous Sciencecraft on Earth Observing One,final_modules_or_bucket,05,formal_module,1,1
ASD-0721,Integrated AI in Space: The Autonomous Sciencecraft on Earth Observing One,final_modules_or_bucket,10,formal_module,2,1
ASD-0722,An Autonomous Earth-Observing Sensorweb,final_modules_or_bucket,05,formal_module,1,1
ASD-0722,An Autonomous Earth-Observing Sensorweb,final_modules_or_bucket,10,formal_module,2,1
ASD-0723,CASSIA: a multi-agent large language model for automated and interpretable cell annotation,final_modules_or_bucket,06,formal_module,1,1
ASD-0724,Autonomous seeking and mapping coral reef biodiversity hotspots with a multimodal AUV,final_modules_or_bucket,06,formal_module,1,1
ASD-0725,TianJi-Environ: An Autonomous AI Scientist for Atmospheric Environmental Research,final_modules_or_bucket,05,formal_module,1,1
ASD-0726,AutoClimDS: Climate Data Science Agentic AI -- A Knowledge Graph is All You Need,final_modules_or_bucket,05,formal_module,1,1
ASD-0727,GeoAgentic-RAG: A Multi-Agent framework for autonomous geospatial reasoning and visual insight generation with LLM,final_modules_or_bucket,05,formal_module,1,1
ASD-0728,CellForge: Agentic Design of Virtual Cell Models,final_modules_or_bucket,06,formal_module,1,1
ASD-0729,Self-evolving AI agents for protein discovery and directed evolution,final_modules_or_bucket,06,formal_module,1,1
ASD-0731,Self-Driving Datasets: From 20 Million Papers to Nuanced Biomedical Knowledge at Scale,final_modules_or_bucket,03,formal_module,1,1
ASD-0731,Self-Driving Datasets: From 20 Million Papers to Nuanced Biomedical Knowledge at Scale,final_modules_or_bucket,06,formal_module,2,1
ASD-0731,Self-Driving Datasets: From 20 Million Papers to Nuanced Biomedical Knowledge at Scale,final_modules_or_bucket,07,formal_module,3,1
ASD-0733,"Increased Mars Rover Autonomy using AI Planning, Scheduling and Execution",final_modules_or_bucket,10,formal_module,1,1
ASD-0734,Controlling an organic synthesis robot with machine learning to search for new reactivity,final_modules_or_bucket,03,formal_module,1,1
ASD-0735,Artificial Chemist: An Autonomous Quantum Dot Synthesis Bot,final_modules_or_bucket,04,formal_module,1,1
ASD-0736,AI-Researcher: Autonomous Scientific Innovation,final_modules_or_bucket,01,formal_module,1,1
ASD-0737,ScientistOne: Towards Human-Level Autonomous Research via Chain-of-Evidence Verification,final_modules_or_bucket,01,formal_module,1,1
ASD-0738,AutoSOTA: An End-to-End Automated Research System for State-of-the-Art AI Model Discovery,final_modules_or_bucket,01,formal_module,1,1
ASD-0739,Autonomous microfluidic experimentation for exploring reaction inference and synthesizing double perovskite nanoplatelets,final_modules_or_bucket,03,formal_module,1,1
ASD-0739,Autonomous microfluidic experimentation for exploring reaction inference and synthesizing double perovskite nanoplatelets,final_modules_or_bucket,04,formal_module,2,1
ASD-0740,Discovery of tunable and soluble organic emitters for solid-state lasers with a self-driving laboratory,final_modules_or_bucket,03,formal_module,1,1
ASD-0740,Discovery of tunable and soluble organic emitters for solid-state lasers with a self-driving laboratory,final_modules_or_bucket,04,formal_module,2,1
ASD-0741,Spatial transcriptomics AI agent charts hPSC-pancreas maturation in vivo,final_modules_or_bucket,06,formal_module,1,1
ASD-0742,Talk2Biomodels: AI agent-based open-source LLM initiative for kinetic biological models,final_modules_or_bucket,06,formal_module,1,1
ASD-0742,Talk2Biomodels: AI agent-based open-source LLM initiative for kinetic biological models,final_modules_or_bucket,07,formal_module,2,1
ASD-0743,STAT: A multi-agent framework for integrated and interactive spatial transcriptomics analysis,final_modules_or_bucket,06,formal_module,1,1
ASD-0743,STAT: A multi-agent framework for integrated and interactive spatial transcriptomics analysis,final_modules_or_bucket,07,formal_module,2,1
ASD-0744,"BioGAIP: A Scalable, User-Friendly and Robust LLM-Powered Multi-Agent System for Automated Bioinformatics Tasks",final_modules_or_bucket,06,formal_module,1,1
ASD-0744,"BioGAIP: A Scalable, User-Friendly and Robust LLM-Powered Multi-Agent System for Automated Bioinformatics Tasks",final_modules_or_bucket,07,formal_module,2,1
ASD-0745,BioLab: End-to-End Autonomous Life Sciences Research with Multi-Agents System Integrating Biological Foundation Models,final_modules_or_bucket,06,formal_module,1,1
ASD-0745,BioLab: End-to-End Autonomous Life Sciences Research with Multi-Agents System Integrating Biological Foundation Models,final_modules_or_bucket,07,formal_module,2,1
ASD-0747,VFEAgent: A Multimodal Agent Framework for End-to-End Automated Finite Element Analysis,final_modules_or_bucket,09,formal_module,1,1
ASD-0748,ASTER -- Agentic Science Toolkit for Exoplanet Research,final_modules_or_bucket,02,formal_module,1,1
ASD-0749,Self-Refining Topology Optimization via an LLM-Based Multi-Agent Framework,final_modules_or_bucket,09,formal_module,1,1
ASD-0750,GRACE: an Agentic AI for Particle Physics Experiment Design and Simulation,final_modules_or_bucket,02,formal_module,1,1
ASD-0751,Beyond AI as Assistants: Toward Autonomous Discovery in Cosmology,final_modules_or_bucket,02,formal_module,1,1
ASD-0752,Integrating Large Language Models for Automated Structural Analysis,final_modules_or_bucket,09,formal_module,1,1
ASD-0753,A Lightweight Large Language Model-Based Multi-Agent System for 2D Frame Structural Analysis,final_modules_or_bucket,09,formal_module,1,1
ASD-0754,Automating Structural Engineering Workflows with Large Language Model Agents,final_modules_or_bucket,09,formal_module,1,1
ASD-0755,Automating Structural Analysis Across Multiple Software Platforms Using Large Language Models,final_modules_or_bucket,09,formal_module,1,1
ASD-0756,Agentic Large Language Models for Automated Structural Analysis of 3D Frame Systems,final_modules_or_bucket,09,formal_module,1,1
ASD-0757,CADSmith: Multi-Agent CAD Generation with Programmatic Geometric Validation,final_modules_or_bucket,09,formal_module,1,1
ASD-0758,Self-Improving CAD Generation Agents with Finite Element Analysis as Feedback,final_modules_or_bucket,09,formal_module,1,1
ASD-0759,PhysMaster: Building an Autonomous AI Physicist for Theoretical and Computational Physics Research,final_modules_or_bucket,02,formal_module,1,1
ASD-0760,Towards autonomous quantum physics research using LLM agents with access to intelligent tools,final_modules_or_bucket,02,formal_module,1,1
ASD-0761,AI Agents for Variational Quantum Circuit Design,final_modules_or_bucket,02,formal_module,1,1
ASD-0762,LLM-based Multi-Agent Copilot for Quantum Sensor,final_modules_or_bucket,02,formal_module,1,1
ASD-0763,From Experimental Limits to Physical Insight: A Retrieval-Augmented Multi-Agent Framework for Interpreting Searches Beyond the Standard Model,final_modules_or_bucket,02,formal_module,1,1
ASD-0764,An agentic framework for gravitational-wave counterpart association in the multi-messenger era,final_modules_or_bucket,02,formal_module,1,1
ASD-0765,CLIMATEAGENT: Multi-Agent Orchestration for Complex Climate Data Science Workflows,final_modules_or_bucket,05,formal_module,1,1
ASD-0766,"ReviewGrounder: Improving Review Substantiveness with Rubric-Guided, Tool-Integrated Agents",final_modules_or_bucket,11,formal_module,1,1
ASD-0768,When Reviews Disagree: Fine-Grained Contradiction Analysis in Scientific Peer Reviews,final_modules_or_bucket,11,formal_module,1,1
ASD-0769,DeepER-Med: Advancing Deep Evidence-Based Research in Medicine Through Agentic AI,final_modules_or_bucket,07,formal_module,1,1
ASD-0770,Progressive Multi-Agent Reasoning for Biological Perturbation Prediction,final_modules_or_bucket,06,formal_module,1,1
ASD-0770,Progressive Multi-Agent Reasoning for Biological Perturbation Prediction,final_modules_or_bucket,07,formal_module,2,1
ASD-0771,Process-Supervised Multi-Agent Reinforcement Learning for Reliable Clinical Reasoning,final_modules_or_bucket,07,formal_module,1,1
ASD-0772,TRACE: A Multi-Agent System for Autonomous Physical Reasoning for Seismology,final_modules_or_bucket,05,formal_module,1,1
ASD-0773,Skill-Augmented AI Agents for Medical Research Analysis: An Exploratory Multi-Model Human Evaluation in an NSCLC Transcriptomic Biomarker Task,final_modules_or_bucket,07,formal_module,1,1
ASD-0774,Causal-Enhanced AI Agents for Medical Research Screening,final_modules_or_bucket,07,formal_module,1,1
ASD-0775,Owl-AuraID 1.0: An Intelligent System for Autonomous Scientific Instrumentation and Scientific Data Analysis,final_modules_or_bucket,09,formal_module,1,1
ASD-0779,From Text to Simulation: A Multi-Agent LLM Workflow for Automated Chemical Process Design,final_modules_or_bucket,09,formal_module,1,1
ASD-0780,Context is all you need: Towards autonomous model-based process design using agentic AI in flowsheet simulations,final_modules_or_bucket,09,formal_module,1,1
ASD-0781,Large Language Model Agent for User-friendly Chemical Process Simulations,final_modules_or_bucket,09,formal_module,1,1
ASD-0782,"CFDagent: A Language-Guided, Zero-Shot Multi-Agent System for Complex Flow Simulation",final_modules_or_bucket,02,formal_module,1,1
ASD-0782,"CFDagent: A Language-Guided, Zero-Shot Multi-Agent System for Complex Flow Simulation",final_modules_or_bucket,09,formal_module,2,1
ASD-0783,RemoteAgent: Bridging Vague Human Intents and Earth Observation with RL-based Agentic MLLMs,final_modules_or_bucket,05,formal_module,1,1
ASD-0784,GISclaw: A Comprehensive Open-Source LLM Agent System for Realistic Multi-Step Geospatial Analysis,final_modules_or_bucket,05,formal_module,1,1
ASD-0786,AgentReview: Exploring Peer Review Dynamics with LLM Agents,final_modules_or_bucket,11,formal_module,1,1
ASD-0787,SciToolAgent: a knowledge-graph-driven scientific agent for multitool integration,final_modules_or_bucket,03,formal_module,1,1
ASD-0787,SciToolAgent: a knowledge-graph-driven scientific agent for multitool integration,final_modules_or_bucket,04,formal_module,2,1
ASD-0787,SciToolAgent: a knowledge-graph-driven scientific agent for multitool integration,final_modules_or_bucket,06,formal_module,3,1
ASD-0789,TEM Agent: enhancing transmission electron microscopy with modern AI tools,final_modules_or_bucket,09,formal_module,1,1
ASD-0790,Hierarchical Multi-agent Large Language Model Reasoning for Autonomous Heterogeneous Catalyst Discovery,final_modules_or_bucket,03,formal_module,1,1
ASD-0790,Hierarchical Multi-agent Large Language Model Reasoning for Autonomous Heterogeneous Catalyst Discovery,final_modules_or_bucket,04,formal_module,2,1
ASD-0791,Escaping the hydrolysis trap: a react agent for inverse design of durable photocatalytic covalent organic frameworks,final_modules_or_bucket,04,formal_module,1,1
ASD-0792,Autonomous heterogeneous catalyst discovery with a self-evolving multi-agent digital twin,final_modules_or_bucket,03,formal_module,1,1
ASD-0792,Autonomous heterogeneous catalyst discovery with a self-evolving multi-agent digital twin,final_modules_or_bucket,04,formal_module,2,1
ASD-0793,Adsorb-Agent: Autonomous Identification of Stable Adsorption Configurations via Large Language Model Agent,final_modules_or_bucket,03,formal_module,1,1
ASD-0794,The HTC-Claw: Automating Discovery through High-Throughput Computational Campaigns,final_modules_or_bucket,04,formal_module,1,1
ASD-0796,Bridging Perception and Action: A Lightweight Multimodal Meta-Planner Framework for Robust Earth Observation Agents,final_modules_or_bucket,05,formal_module,1,1
ASD-0797,CP-Agent: Context-Aware Multimodal Reasoning for Cellular Morphological Profiling under Chemical Perturbations,final_modules_or_bucket,06,formal_module,1,1
ASD-0798,Molecular Lead Optimization via Agentic Tool Planning,final_modules_or_bucket,07,formal_module,1,1
ASD-0799,CeProAgents: A Hierarchical Agents System for Automated Chemical Process Development,final_modules_or_bucket,09,formal_module,1,1
ASD-0800,Risk-Aware LLM Agents for Geospatial Data Retrieval: Design and Preliminary Adversarial Evaluation,final_modules_or_bucket,05,formal_module,1,1
ASD-0801,Advancing Subsurface Discovery and Geothermal Monitoring with an Agentic Artificial Intelligence Framework,final_modules_or_bucket,05,formal_module,1,1
ASD-0803,ClimateAgents: A Multi-Agent Research Assistant for Social-Climate Dynamics Analysis,final_modules_or_bucket,05,formal_module,1,1
ASD-0803,ClimateAgents: A Multi-Agent Research Assistant for Social-Climate Dynamics Analysis,final_modules_or_bucket,11,formal_module,2,1
ASD-0804,Sketch2Simulation: Automating Flowsheet Generation via Multi Agent Large Language Models,final_modules_or_bucket,09,formal_module,1,1
ASD-0805,TurboAgent: An LLM-Driven Autonomous Multi-Agent Framework for Turbomachinery Aerodynamic Design,final_modules_or_bucket,09,formal_module,1,1
ASD-0806,Agentic Language-to-Objective Synthesis for Optofluidic Assembly,final_modules_or_bucket,09,formal_module,1,1
ASD-0807,Large Language Models based Multi-Agent Framework for Objective Oriented Control Design in Power Electronics,final_modules_or_bucket,09,formal_module,1,1
ASD-0808,InvDesMobility: a reliability-gated first-principles feedback framework for closed-loop materials discovery,final_modules_or_bucket,04,formal_module,1,1
ASD-0809,Battery-Sim-Agent: Leveraging LLM-Agent for Inverse Battery Parameter Estimation,final_modules_or_bucket,09,formal_module,1,1
ASD-0810,My Chemical Harness: Evolutionary Molecular Design over Synthetic Pathways with Large Language Model Agents,final_modules_or_bucket,03,formal_module,1,1
ASD-0811,Closed-Loop Molecular Design with Calibrated Deference,final_modules_or_bucket,03,formal_module,1,1
ASD-0811,Closed-Loop Molecular Design with Calibrated Deference,final_modules_or_bucket,04,formal_module,2,1
ASD-0812,BioResearcher: Scenario-Guided Multi-Agent for Translational Medicine,final_modules_or_bucket,07,formal_module,1,1
ASD-0813,ELISA: An Interpretable Hybrid Generative AI Agent for Expression-Grounded Discovery in Single-Cell Genomics,final_modules_or_bucket,06,formal_module,1,1
ASD-0814,Towards a Virtual Neuroscientist: Autonomous Neuroimaging Analysis via Multi-Agent Collaboration,final_modules_or_bucket,07,formal_module,1,1
ASD-0815,CoDaS: AI Co-Data-Scientist for Biomarker Discovery via Wearable Sensors,final_modules_or_bucket,07,formal_module,1,1
ASD-0816,TSAssistant: A Human-in-the-Loop Agentic Framework for Automated Target Safety Assessment,final_modules_or_bucket,07,formal_module,1,1
ASD-0817,Probe Before You Edit: Probing-Guided Molecular Optimization for LLM Agents in Structure-Based Drug Design,final_modules_or_bucket,03,formal_module,1,1
ASD-0817,Probe Before You Edit: Probing-Guided Molecular Optimization for LLM Agents in Structure-Based Drug Design,final_modules_or_bucket,07,formal_module,2,1
ASD-0818,MolMem: Memory-Augmented Agentic Reinforcement Learning for Sample-Efficient Molecular Optimization,final_modules_or_bucket,03,formal_module,1,1
ASD-0818,MolMem: Memory-Augmented Agentic Reinforcement Learning for Sample-Efficient Molecular Optimization,final_modules_or_bucket,07,formal_module,2,1
ASD-0819,SEISMO: Increasing Sample Efficiency in Molecular Optimization with a Trajectory-Aware LLM Agent,final_modules_or_bucket,03,formal_module,1,1
ASD-0819,SEISMO: Increasing Sample Efficiency in Molecular Optimization with a Trajectory-Aware LLM Agent,final_modules_or_bucket,07,formal_module,2,1
ASD-0820,Reinforcement Learning with LLM-Guided Action Spaces for Synthesizable Lead Optimization,final_modules_or_bucket,03,formal_module,1,1
ASD-0820,Reinforcement Learning with LLM-Guided Action Spaces for Synthesizable Lead Optimization,final_modules_or_bucket,07,formal_module,2,1
ASD-0821,Agentic reinforcement learning empowers next-generation chemical language models for molecular design and synthesis,final_modules_or_bucket,03,formal_module,1,1
ASD-0821,Agentic reinforcement learning empowers next-generation chemical language models for molecular design and synthesis,final_modules_or_bucket,07,formal_module,2,1
ASD-0822,Contextual Invertible World Models: A Neuro-Symbolic Agentic Framework for Colorectal Cancer Drug Response,final_modules_or_bucket,06,formal_module,1,1
ASD-0822,Contextual Invertible World Models: A Neuro-Symbolic Agentic Framework for Colorectal Cancer Drug Response,final_modules_or_bucket,07,formal_module,2,1
ASD-0826,ToolMol: Evolutionary Agentic Framework for Multi-objective Drug Discovery,final_modules_or_bucket,03,formal_module,1,1
ASD-0826,ToolMol: Evolutionary Agentic Framework for Multi-objective Drug Discovery,final_modules_or_bucket,07,formal_module,2,1
ASD-0827,A Multi-modal Agentic Co-pilot for Evidence Grounded Computational Pathology,final_modules_or_bucket,07,formal_module,1,1
ASD-0828,SAGE: Agentic Framework for Interpretable and Clinically Translatable Computational Pathology Biomarker Discovery,final_modules_or_bucket,07,formal_module,1,1
ASD-0829,DarkAgents,final_modules_or_bucket,02,formal_module,1,1
ASD-0824,FRAGMENTA: End-to-end Fragmentation-based Generative Model with Agentic Tuning for Drug Lead Optimization,final_modules_or_bucket,07,formal_module,1,1
ASD-0825,ReACT-Drug: Reaction-Template Guided Reinforcement Learning for de novo Drug Design,final_modules_or_bucket,07,formal_module,1,1
ASD-0830,Dr.Sai: An agentic AI for real-world physics analysis at BESIII,final_modules_or_bucket,02,formal_module,1,1
ASD-0831,Frontier LLM-based agents can overcome the ontology curation bottleneck for natural phenotypes,final_modules_or_bucket,11,formal_module,1,1
ASD-0832,Nikolas: AI Agent for Semi-Autonomous Catalyst Discovery Using the PRISM Meta-Cognitive Architecture,final_modules_or_bucket,03,formal_module,1,1
ASD-0833,Towards Autonomous Mechanistic Reasoning in Virtual Cells,final_modules_or_bucket,06,formal_module,1,1
ASD-0838,Discovery Science with Autonomous ML-Driven Continuous Flow Chemistry,final_modules_or_bucket,03,formal_module,1,1
ASD-0839,First head-to-head comparison of agentic AI applied to the analysis of simulated data of the Einstein Telescope,final_modules_or_bucket,02,formal_module,1,1
ASD-0840,Physics Is All You Need? A Case Study in Physicist-Supervised AI Development of Scientific Software,final_modules_or_bucket,02,formal_module,1,1
ASD-0844,Science Earth: Towards A Planet-Scale Operating System for AI-Native Scientific Discovery,final_modules_or_bucket,01,formal_module,1,1
ASD-0844,Science Earth: Towards A Planet-Scale Operating System for AI-Native Scientific Discovery,final_modules_or_bucket,06,formal_module,2,1
ASD-0845,SciDER: Scientific Data-centric End-to-end Researcher,final_modules_or_bucket,01,formal_module,1,1
ASD-0845,SciDER: Scientific Data-centric End-to-end Researcher,final_modules_or_bucket,02,formal_module,2,1
ASD-0845,SciDER: Scientific Data-centric End-to-end Researcher,final_modules_or_bucket,11,formal_module,3,1
ASD-0848,PaperOrchestra: A Multi-Agent Framework for Automated AI Research Paper Writing,final_modules_or_bucket,11,formal_module,1,1
ASD-0849,OmniScientist: Toward a Co-evolving Ecosystem of Human and AI Scientists,final_modules_or_bucket,01,formal_module,1,1
ASD-0849,OmniScientist: Toward a Co-evolving Ecosystem of Human and AI Scientists,final_modules_or_bucket,11,formal_module,2,1
ASD-0850,OR-Agent: Bridging Evolutionary Search and Structured Research for Automated Algorithm Discovery,final_modules_or_bucket,01,formal_module,1,1
ASD-0850,OR-Agent: Bridging Evolutionary Search and Structured Research for Automated Algorithm Discovery,final_modules_or_bucket,10,formal_module,2,1
ASD-0851,GeoEvolve: Automating Geospatial Model Discovery via Multi-Agent Large Language Models,final_modules_or_bucket,05,formal_module,1,1
ASD-0852,Autonomous science for an ExoMars Rover-like mission,final_modules_or_bucket,05,formal_module,1,1
ASD-0852,Autonomous science for an ExoMars Rover-like mission,final_modules_or_bucket,10,formal_module,2,1
ASD-0853,Onboard Autonomous Rover Science,final_modules_or_bucket,10,formal_module,1,1
ASD-0854,Enabling Autonomous Science for a Mars Rover,final_modules_or_bucket,10,formal_module,1,1
ASD-0855,Automating Scientific Evaluation: A Multi-Agent Framework for Transparent and Trustworthy Peer Review,final_modules_or_bucket,11,formal_module,1,1
ASD-0856,AutoDiscovery: Open-ended Scientific Discovery via Bayesian Surprise,final_modules_or_bucket,06,formal_module,1,1
ASD-0856,AutoDiscovery: Open-ended Scientific Discovery via Bayesian Surprise,final_modules_or_bucket,07,formal_module,2,1
ASD-0856,AutoDiscovery: Open-ended Scientific Discovery via Bayesian Surprise,final_modules_or_bucket,11,formal_module,3,1
ASD-0857,Machine Collective Intelligence for Explainable Scientific Discovery,final_modules_or_bucket,02,formal_module,1,1
ASD-0857,Machine Collective Intelligence for Explainable Scientific Discovery,final_modules_or_bucket,03,formal_module,2,1
ASD-0857,Machine Collective Intelligence for Explainable Scientific Discovery,final_modules_or_bucket,04,formal_module,3,1
ASD-0857,Machine Collective Intelligence for Explainable Scientific Discovery,final_modules_or_bucket,06,formal_module,4,1
ASD-0857,Machine Collective Intelligence for Explainable Scientific Discovery,final_modules_or_bucket,09,formal_module,5,1
ASD-0858,Incorporating AEGIS autonomous science into Mars Science Laboratory rover mission operations,final_modules_or_bucket,10,formal_module,1,1
ASD-0859,Monitoring active volcanism with the Autonomous Sciencecraft Experiment on EO-1,final_modules_or_bucket,05,formal_module,1,1
ASD-0860,Autonomous detection of cryospheric change with hyperion on-board Earth Observing-1,final_modules_or_bucket,05,formal_module,1,1
ASD-0861,Flood detection and monitoring with the Autonomous Sciencecraft Experiment onboard EO-1,final_modules_or_bucket,05,formal_module,1,1
ASD-0862,AI Agents Can Already Autonomously Perform Experimental High Energy Physics,final_modules_or_bucket,02,formal_module,1,1
ASD-0863,HEPTAPOD: Orchestrating High Energy Physics Workflows Towards Autonomous Agency,final_modules_or_bucket,02,formal_module,1,1
ASD-0864,MadAgents,final_modules_or_bucket,02,formal_module,1,1
ASD-0866,Accelerating Scientific Discovery with Autonomous Goal-evolving Agents,final_modules_or_bucket,03,formal_module,1,1
ASD-0866,Accelerating Scientific Discovery with Autonomous Goal-evolving Agents,final_modules_or_bucket,04,formal_module,2,1
ASD-0866,Accelerating Scientific Discovery with Autonomous Goal-evolving Agents,final_modules_or_bucket,06,formal_module,3,1
ASD-0866,Accelerating Scientific Discovery with Autonomous Goal-evolving Agents,final_modules_or_bucket,07,formal_module,4,1
ASD-0866,Accelerating Scientific Discovery with Autonomous Goal-evolving Agents,final_modules_or_bucket,09,formal_module,5,1
ASD-0867,Swarms of Large Language Model Agents for Protein Sequence Design with Experimental Validation,final_modules_or_bucket,06,formal_module,1,1
ASD-0868,Think like a Scientist: Physics-guided LLM Agent for Equation Discovery,final_modules_or_bucket,02,formal_module,1,1
ASD-0869,STRIDE: A Self-Reflective Agent Framework for Reliable Automatic Equation Discovery,final_modules_or_bucket,02,formal_module,1,1
ASD-0869,STRIDE: A Self-Reflective Agent Framework for Reliable Automatic Equation Discovery,final_modules_or_bucket,03,formal_module,2,1
ASD-0869,STRIDE: A Self-Reflective Agent Framework for Reliable Automatic Equation Discovery,final_modules_or_bucket,04,formal_module,3,1
ASD-0869,STRIDE: A Self-Reflective Agent Framework for Reliable Automatic Equation Discovery,final_modules_or_bucket,06,formal_module,4,1
ASD-0870,SR-Scientist: Scientific Equation Discovery With Agentic AI,final_modules_or_bucket,02,formal_module,1,1
ASD-0870,SR-Scientist: Scientific Equation Discovery With Agentic AI,final_modules_or_bucket,03,formal_module,2,1
ASD-0870,SR-Scientist: Scientific Equation Discovery With Agentic AI,final_modules_or_bucket,04,formal_module,3,1
ASD-0870,SR-Scientist: Scientific Equation Discovery With Agentic AI,final_modules_or_bucket,06,formal_module,4,1
ASD-0871,The Denario project: Deep knowledge AI agents for scientific discovery,final_modules_or_bucket,02,formal_module,1,1
ASD-0871,The Denario project: Deep knowledge AI agents for scientific discovery,final_modules_or_bucket,03,formal_module,2,1
ASD-0871,The Denario project: Deep knowledge AI agents for scientific discovery,final_modules_or_bucket,04,formal_module,3,1
ASD-0871,The Denario project: Deep knowledge AI agents for scientific discovery,final_modules_or_bucket,06,formal_module,4,1
ASD-0871,The Denario project: Deep knowledge AI agents for scientific discovery,final_modules_or_bucket,07,formal_module,5,1
